row_idx,set
0,train_val
1,test
2,train_val
3,train_val
4,test
5,train_val
6,train_val
7,train_val
8,train_val
9,train_val
10,train_val
11,test
12,train_val
13,train_val
14,train_val
15,train_val
16,test
17,train_val
18,train_val
19,test
20,train_val
21,test
22,train_val
23,train_val
24,train_val
25,train_val
26,train_val
27,train_val
28,train_val
29,train_val
30,train_val
31,train_val
32,train_val
33,train_val
34,test
35,test
36,test
37,train_val
38,test
39,train_val
40,train_val
41,train_val
42,train_val
43,train_val
44,train_val
45,train_val
46,test
47,train_val
48,train_val
49,train_val
50,test
51,train_val
52,train_val
53,train_val
54,train_val
55,train_val
56,train_val
57,train_val
58,train_val
59,train_val
60,train_val
61,train_val
62,train_val
63,train_val
64,test
65,train_val
66,train_val
67,train_val
68,train_val
69,train_val
70,train_val
71,train_val
72,train_val
73,train_val
74,train_val
75,test
76,train_val
77,train_val
78,train_val
79,train_val
80,train_val
81,train_val
82,train_val
83,train_val
84,train_val
85,train_val
86,train_val
87,train_val
88,train_val
89,test
90,test
91,train_val
92,train_val
93,train_val
94,train_val
95,test
96,train_val
97,train_val
98,test
99,train_val
100,train_val
101,train_val
102,train_val
103,test
104,train_val
105,train_val
106,train_val
107,train_val
108,train_val
109,train_val
110,train_val
111,train_val
112,train_val
113,train_val
114,test
115,train_val
116,test
117,train_val
118,train_val
119,test
120,train_val
121,train_val
122,test
123,train_val
124,train_val
125,train_val
126,train_val
127,test
128,train_val
129,train_val
130,test
131,train_val
132,train_val
133,test
134,train_val
135,train_val
136,train_val
137,train_val
138,train_val
139,train_val
140,train_val
141,train_val
142,train_val
143,test
144,train_val
145,train_val
146,test
147,train_val
148,train_val
149,train_val
150,train_val
151,train_val
152,train_val
153,test
154,test
155,train_val
156,train_val
157,train_val
158,train_val
159,train_val
160,test
161,test
162,train_val
163,train_val
164,train_val
165,train_val
166,train_val
167,train_val
168,train_val
169,train_val
170,train_val
171,train_val
172,test
173,train_val
174,train_val
175,train_val
176,train_val
177,train_val
178,train_val
179,train_val
180,test
181,train_val
182,train_val
183,train_val
184,train_val
185,train_val
186,test
187,train_val
188,train_val
189,test
190,test
191,train_val
192,train_val
193,train_val
194,train_val
195,train_val
196,train_val
197,test
198,train_val
199,train_val
200,test
201,test
202,test
203,train_val
204,train_val
205,train_val
206,test
207,train_val
208,train_val
209,train_val
210,train_val
211,train_val
212,train_val
213,train_val
214,train_val
215,train_val
216,test
217,train_val
218,train_val
219,train_val
220,train_val
221,train_val
222,train_val
223,train_val
224,train_val
225,test
226,train_val
227,train_val
228,train_val
229,train_val
230,train_val
231,train_val
232,train_val
233,train_val
234,test
235,train_val
236,train_val
237,train_val
238,train_val
239,train_val
240,train_val
241,test
242,train_val
243,train_val
244,train_val
245,test
246,train_val
247,train_val
248,train_val
249,train_val
250,train_val
251,train_val
252,train_val
253,test
254,train_val
255,train_val
256,train_val
257,train_val
258,train_val
259,train_val
260,train_val
261,train_val
262,test
263,train_val
264,test
265,train_val
266,train_val
267,train_val
268,test
269,train_val
270,train_val
271,train_val
272,train_val
273,train_val
274,train_val
275,train_val
276,train_val
277,train_val
278,train_val
279,train_val
280,train_val
281,train_val
282,train_val
283,train_val
284,test
285,train_val
286,train_val
287,train_val
288,train_val
289,train_val
290,train_val
291,train_val
292,train_val
293,test
294,train_val
295,train_val
296,train_val
297,train_val
298,train_val
299,train_val
300,train_val
301,test
302,train_val
303,train_val
304,train_val
305,train_val
306,train_val
307,train_val
308,train_val
309,train_val
310,train_val
311,train_val
312,train_val
313,train_val
314,train_val
315,train_val
316,train_val
317,test
318,train_val
319,train_val
320,train_val
321,train_val
322,train_val
323,train_val
324,train_val
325,train_val
326,train_val
327,train_val
328,train_val
329,train_val
330,test
331,train_val
332,train_val
333,train_val
334,train_val
335,test
336,train_val
337,test
338,train_val
339,train_val
340,train_val
341,train_val
342,train_val
343,train_val
344,train_val
345,train_val
346,train_val
347,train_val
348,train_val
349,train_val
350,train_val
351,train_val
352,train_val
353,train_val
354,train_val
355,train_val
356,test
357,train_val
358,train_val
359,train_val
360,train_val
361,train_val
362,train_val
363,train_val
364,train_val
365,train_val
366,train_val
367,train_val
368,train_val
369,test
370,train_val
371,train_val
372,train_val
373,train_val
374,train_val
375,train_val
376,train_val
377,train_val
378,test
379,test
380,train_val
381,train_val
382,train_val
383,train_val
384,train_val
385,train_val
386,train_val
387,train_val
388,train_val
389,train_val
390,train_val
391,test
392,test
393,train_val
394,train_val
395,test
396,test
397,test
398,train_val
399,test
400,test
401,train_val
402,train_val
403,test
404,train_val
405,train_val
406,train_val
407,train_val
408,train_val
409,train_val
410,train_val
411,train_val
412,test
413,train_val
414,train_val
415,train_val
416,train_val
417,test
418,test
419,train_val
420,train_val
421,train_val
422,train_val
423,train_val
424,train_val
425,train_val
426,train_val
427,train_val
428,train_val
429,train_val
430,train_val
431,train_val
432,train_val
433,train_val
434,train_val
435,train_val
436,train_val
437,train_val
438,train_val
439,train_val
440,train_val
441,train_val
442,train_val
443,train_val
444,train_val
445,train_val
446,train_val
447,train_val
448,train_val
449,train_val
450,train_val
451,train_val
452,test
453,train_val
454,train_val
455,test
456,train_val
457,train_val
458,train_val
459,test
460,train_val
461,train_val
462,train_val
463,train_val
464,train_val
465,train_val
466,test
467,train_val
468,train_val
469,test
470,train_val
471,train_val
472,train_val
473,train_val
474,test
475,train_val
476,train_val
477,train_val
478,train_val
479,train_val
480,train_val
481,train_val
482,train_val
483,train_val
484,train_val
485,train_val
486,train_val
487,test
488,test
489,train_val
490,train_val
491,train_val
492,test
493,train_val
494,train_val
495,train_val
496,test
497,train_val
498,train_val
499,test
500,train_val
501,train_val
502,test
503,train_val
504,test
505,train_val
506,train_val
507,train_val
508,train_val
509,train_val
510,test
511,train_val
512,test
513,train_val
514,train_val
515,test
516,train_val
517,train_val
518,train_val
519,train_val
520,train_val
521,train_val
522,train_val
523,train_val
524,test
525,train_val
526,train_val
527,train_val
528,train_val
529,train_val
530,train_val
531,train_val
532,train_val
533,train_val
534,train_val
535,train_val
536,train_val
537,test
538,train_val
539,train_val
540,test
541,train_val
542,train_val
543,train_val
544,train_val
545,train_val
546,test
547,train_val
548,train_val
549,train_val
550,test
551,train_val
552,train_val
553,train_val
554,train_val
555,train_val
556,train_val
557,train_val
558,train_val
559,test
560,train_val
561,train_val
562,test
563,test
564,train_val
565,train_val
566,train_val
567,train_val
568,train_val
569,test
570,train_val
571,train_val
572,train_val
573,train_val
574,test
575,train_val
576,train_val
577,train_val
578,train_val
579,train_val
580,test
581,train_val
582,train_val
583,train_val
584,train_val
585,train_val
586,test
587,train_val
588,train_val
589,train_val
590,train_val
591,train_val
592,train_val
593,train_val
594,train_val
595,test
596,train_val
597,train_val
598,train_val
599,train_val
600,test
601,train_val
602,train_val
603,train_val
604,train_val
605,train_val
606,test
607,train_val
608,test
609,train_val
610,train_val
611,train_val
612,train_val
613,train_val
614,train_val
615,train_val
616,test
617,train_val
618,train_val
619,train_val
620,train_val
621,train_val
622,train_val
623,test
624,train_val
625,test
626,train_val
627,test
628,train_val
629,train_val
630,train_val
631,train_val
632,train_val
633,test
634,train_val
635,test
636,train_val
637,train_val
638,train_val
639,test
640,test
641,test
642,train_val
643,train_val
644,train_val
645,train_val
646,test
647,train_val
648,test
649,train_val
650,train_val
651,train_val
652,test
653,train_val
654,train_val
655,train_val
656,test
657,train_val
658,test
659,test
660,train_val
661,train_val
662,train_val
663,test
664,train_val
665,train_val
666,train_val
667,train_val
668,train_val
669,train_val
670,train_val
671,train_val
672,train_val
673,train_val
674,train_val
675,test
676,train_val
677,train_val
678,train_val
679,train_val
680,train_val
681,test
682,train_val
683,test
684,test
685,train_val
686,train_val
687,train_val
688,train_val
689,train_val
690,train_val
691,train_val
692,train_val
693,train_val
694,train_val
695,train_val
696,train_val
697,train_val
698,test
699,test
700,train_val
701,train_val
702,test
703,test
704,train_val
705,train_val
706,train_val
707,train_val
708,train_val
709,test
710,train_val
711,train_val
712,train_val
713,test
714,train_val
715,train_val
716,train_val
717,test
718,train_val
719,train_val
720,train_val
721,train_val
722,train_val
723,train_val
724,train_val
725,train_val
726,train_val
727,train_val
728,test
729,train_val
730,train_val
731,train_val
732,test
733,train_val
734,train_val
735,train_val
736,train_val
737,train_val
738,train_val
739,train_val
740,test
741,train_val
742,train_val
743,train_val
744,train_val
745,train_val
746,train_val
747,test
748,train_val
749,train_val
750,test
751,train_val
752,train_val
753,test
754,train_val
755,train_val
756,train_val
757,train_val
758,train_val
759,train_val
760,train_val
761,train_val
762,train_val
763,test
764,train_val
765,train_val
766,test
767,train_val
768,train_val
769,test
770,train_val
771,train_val
772,train_val
773,test
774,train_val
775,test
776,train_val
777,train_val
778,train_val
779,test
780,train_val
781,train_val
782,train_val
783,train_val
784,test
785,train_val
786,train_val
787,train_val
788,train_val
789,train_val
790,train_val
791,test
792,train_val
793,train_val
794,train_val
795,test
796,train_val
797,test
798,train_val
799,train_val
800,train_val
801,train_val
802,train_val
803,train_val
804,test
805,train_val
806,train_val
807,train_val
808,train_val
809,train_val
810,train_val
811,train_val
812,train_val
813,train_val
814,train_val
815,test
816,train_val
817,train_val
818,train_val
819,train_val
820,train_val
821,train_val
822,train_val
823,test
824,train_val
825,test
826,train_val
827,train_val
828,test
829,train_val
830,test
831,train_val
832,train_val
833,test
834,train_val
835,test
836,train_val
837,test
838,train_val
839,train_val
840,train_val
841,train_val
842,train_val
843,train_val
844,train_val
845,train_val
846,train_val
847,train_val
848,train_val
849,train_val
850,test
851,test
852,train_val
853,test
854,test
855,train_val
856,train_val
857,train_val
858,train_val
859,train_val
860,test
861,train_val
862,train_val
863,test
864,train_val
865,train_val
866,train_val
867,train_val
868,train_val
869,train_val
870,test
871,train_val
872,test
873,train_val
874,train_val
875,train_val
876,test
877,test
878,test
879,train_val
880,test
881,train_val
882,train_val
883,train_val
884,test
885,train_val
886,train_val
887,train_val
888,train_val
889,train_val
890,train_val
891,train_val
892,train_val
893,train_val
894,test
895,test
896,test
897,train_val
898,train_val
899,train_val
900,train_val
901,train_val
902,train_val
903,train_val
904,train_val
905,train_val
906,train_val
907,train_val
908,train_val
909,train_val
910,train_val
911,train_val
912,train_val
913,train_val
914,train_val
915,train_val
916,train_val
917,train_val
918,train_val
919,train_val
920,test
921,train_val
922,train_val
923,train_val
924,train_val
925,train_val
926,train_val
927,train_val
928,test
929,train_val
930,train_val
931,train_val
932,train_val
933,test
934,train_val
935,train_val
936,train_val
937,train_val
938,train_val
939,train_val
940,train_val
941,train_val
942,train_val
943,train_val
944,train_val
945,train_val
946,train_val
947,train_val
948,train_val
949,train_val
950,train_val
951,train_val
952,train_val
953,test
954,test
955,test
956,test
957,test
958,train_val
959,test
960,test
961,train_val
962,train_val
963,train_val
964,train_val
965,train_val
966,train_val
967,train_val
968,train_val
969,train_val
970,train_val
971,test
972,test
973,train_val
974,train_val
975,test
976,train_val
977,test
978,train_val
979,train_val
980,test
981,train_val
982,train_val
983,train_val
984,train_val
985,train_val
986,train_val
987,train_val
988,train_val
989,train_val
990,train_val
991,test
992,test
993,train_val
994,train_val
995,test
996,test
997,train_val
998,train_val
999,train_val
1000,train_val
1001,train_val
1002,train_val
1003,train_val
1004,train_val
1005,train_val
1006,train_val
1007,train_val
1008,test
1009,train_val
1010,train_val
1011,train_val
1012,test
1013,train_val
1014,train_val
1015,test
1016,test
1017,train_val
1018,train_val
1019,train_val
1020,test
1021,test
1022,train_val
1023,train_val
1024,train_val
1025,train_val
1026,train_val
1027,train_val
1028,test
1029,train_val
1030,train_val
1031,train_val
1032,train_val
1033,train_val
1034,train_val
1035,train_val
1036,train_val
1037,train_val
1038,test
1039,train_val
1040,train_val
1041,train_val
1042,train_val
1043,train_val
1044,train_val
1045,test
1046,train_val
1047,train_val
1048,train_val
1049,train_val
1050,train_val
1051,test
1052,train_val
1053,train_val
1054,train_val
1055,train_val
1056,train_val
1057,train_val
1058,train_val
1059,test
1060,test
1061,train_val
1062,test
1063,train_val
1064,train_val
1065,test
1066,test
1067,train_val
1068,train_val
1069,test
1070,train_val
1071,train_val
1072,train_val
1073,train_val
1074,train_val
1075,train_val
1076,test
1077,test
1078,train_val
1079,train_val
1080,train_val
1081,test
1082,test
1083,train_val
1084,train_val
1085,train_val
1086,train_val
1087,train_val
1088,train_val
1089,train_val
1090,train_val
1091,train_val
1092,test
1093,train_val
1094,train_val
1095,test
1096,train_val
1097,train_val
1098,train_val
1099,train_val
1100,train_val
1101,train_val
1102,train_val
1103,train_val
1104,train_val
1105,train_val
1106,train_val
1107,train_val
1108,train_val
1109,train_val
1110,train_val
1111,train_val
1112,train_val
1113,train_val
1114,train_val
1115,test
1116,train_val
1117,train_val
1118,train_val
1119,test
1120,train_val
1121,train_val
1122,test
1123,train_val
1124,train_val
1125,train_val
1126,test
1127,train_val
1128,train_val
1129,test
1130,test
1131,train_val
1132,train_val
1133,train_val
1134,train_val
1135,train_val
1136,test
1137,train_val
1138,train_val
1139,test
1140,test
1141,test
1142,train_val
1143,train_val
1144,train_val
1145,train_val
1146,train_val
1147,test
1148,test
1149,train_val
1150,test
1151,train_val
1152,test
1153,test
1154,test
1155,test
1156,test
1157,train_val
1158,test
1159,train_val
1160,train_val
1161,train_val
1162,test
1163,train_val
1164,train_val
1165,train_val
1166,test
1167,test
1168,train_val
1169,train_val
1170,train_val
1171,train_val
1172,train_val
1173,train_val
1174,train_val
1175,train_val
1176,train_val
1177,train_val
1178,train_val
1179,train_val
1180,test
1181,train_val
1182,train_val
1183,test
1184,test
1185,train_val
1186,train_val
1187,train_val
1188,train_val
1189,train_val
1190,train_val
1191,test
1192,train_val
1193,train_val
1194,train_val
1195,train_val
1196,train_val
1197,test
1198,train_val
1199,train_val
1200,train_val
1201,train_val
1202,train_val
1203,train_val
1204,train_val
1205,test
1206,train_val
1207,train_val
1208,train_val
1209,test
1210,train_val
1211,train_val
1212,test
1213,train_val
1214,test
1215,test
1216,train_val
1217,test
1218,test
1219,test
1220,train_val
1221,train_val
1222,train_val
1223,train_val
1224,train_val
1225,train_val
1226,train_val
1227,test
1228,train_val
1229,train_val
1230,train_val
1231,train_val
1232,train_val
1233,train_val
1234,train_val
1235,train_val
1236,train_val
1237,train_val
1238,test
1239,train_val
1240,train_val
1241,train_val
1242,train_val
1243,test
1244,train_val
1245,train_val
1246,train_val
1247,train_val
1248,train_val
1249,train_val
1250,train_val
1251,train_val
1252,train_val
1253,train_val
1254,train_val
1255,train_val
1256,train_val
1257,test
1258,train_val
1259,train_val
1260,train_val
1261,train_val
1262,train_val
1263,train_val
1264,train_val
1265,train_val
1266,train_val
1267,test
1268,train_val
1269,train_val
1270,train_val
1271,train_val
1272,train_val
1273,train_val
1274,train_val
1275,test
1276,train_val
1277,train_val
1278,train_val
1279,train_val
1280,train_val
1281,train_val
1282,test
1283,train_val
1284,train_val
1285,train_val
1286,train_val
1287,train_val
1288,train_val
1289,train_val
1290,train_val
1291,test
1292,train_val
1293,train_val
1294,test
1295,train_val
1296,test
1297,test
1298,train_val
1299,train_val
1300,test
1301,train_val
1302,train_val
1303,train_val
1304,train_val
1305,train_val
1306,test
1307,train_val
1308,train_val
1309,train_val
1310,train_val
1311,train_val
1312,test
1313,train_val
1314,train_val
1315,train_val
1316,train_val
1317,train_val
1318,train_val
1319,train_val
1320,train_val
1321,train_val
1322,train_val
1323,train_val
1324,test
1325,train_val
1326,train_val
1327,test
1328,train_val
1329,train_val
1330,train_val
1331,train_val
1332,train_val
1333,train_val
1334,train_val
1335,train_val
1336,train_val
1337,train_val
1338,train_val
1339,train_val
1340,train_val
1341,train_val
1342,train_val
1343,train_val
1344,train_val
1345,train_val
1346,test
1347,train_val
1348,test
1349,train_val
1350,train_val
1351,train_val
1352,train_val
1353,train_val
1354,test
1355,train_val
1356,train_val
1357,train_val
1358,train_val
1359,train_val
1360,train_val
1361,train_val
1362,train_val
1363,test
1364,train_val
1365,test
1366,train_val
1367,test
1368,train_val
1369,test
1370,train_val
1371,train_val
1372,train_val
1373,train_val
1374,train_val
1375,train_val
1376,train_val
1377,train_val
1378,train_val
1379,train_val
1380,train_val
1381,train_val
1382,train_val
1383,train_val
1384,test
1385,train_val
1386,train_val
1387,train_val
1388,test
1389,train_val
1390,test
1391,train_val
1392,train_val
1393,train_val
1394,train_val
1395,train_val
1396,train_val
1397,train_val
1398,train_val
1399,train_val
1400,test
1401,train_val
1402,train_val
1403,train_val
1404,train_val
1405,train_val
1406,train_val
1407,train_val
1408,test
1409,test
1410,train_val
1411,train_val
1412,train_val
1413,train_val
1414,train_val
1415,test
1416,test
1417,train_val
1418,train_val
1419,train_val
1420,train_val
1421,train_val
1422,train_val
1423,train_val
1424,train_val
1425,train_val
1426,train_val
1427,train_val
1428,train_val
1429,train_val
1430,train_val
1431,train_val
1432,train_val
1433,train_val
1434,test
1435,train_val
1436,train_val
1437,train_val
1438,test
1439,test
1440,test
1441,train_val
1442,train_val
1443,test
1444,train_val
1445,test
1446,train_val
1447,train_val
1448,train_val
1449,train_val
1450,train_val
1451,train_val
1452,train_val
1453,train_val
1454,train_val
1455,train_val
1456,train_val
1457,train_val
1458,train_val
1459,train_val
1460,train_val
1461,train_val
1462,train_val
1463,train_val
1464,train_val
1465,train_val
1466,train_val
1467,train_val
1468,train_val
1469,train_val
1470,test
1471,train_val
1472,train_val
1473,train_val
1474,train_val
1475,train_val
1476,train_val
1477,train_val
1478,test
1479,test
1480,train_val
1481,train_val
1482,test
1483,train_val
1484,test
1485,test
1486,train_val
1487,train_val
1488,train_val
1489,train_val
1490,train_val
1491,train_val
1492,test
1493,train_val
1494,train_val
1495,test
1496,test
1497,train_val
1498,train_val
1499,train_val
1500,test
1501,train_val
1502,train_val
1503,train_val
1504,test
1505,train_val
1506,train_val
1507,train_val
1508,train_val
1509,train_val
1510,train_val
1511,train_val
1512,train_val
1513,train_val
1514,train_val
1515,test
1516,test
1517,train_val
1518,train_val
1519,test
1520,test
1521,train_val
1522,test
1523,train_val
1524,train_val
1525,train_val
1526,train_val
1527,test
1528,test
1529,test
1530,train_val
1531,test
1532,train_val
1533,train_val
1534,test
1535,train_val
1536,train_val
1537,train_val
1538,train_val
1539,train_val
1540,test
1541,train_val
1542,test
1543,train_val
1544,train_val
1545,train_val
1546,train_val
1547,train_val
1548,test
1549,train_val
1550,train_val
1551,train_val
1552,train_val
1553,train_val
1554,train_val
1555,train_val
1556,train_val
1557,train_val
1558,train_val
1559,train_val
1560,train_val
1561,train_val
1562,train_val
1563,train_val
1564,train_val
1565,train_val
1566,train_val
1567,train_val
1568,test
1569,train_val
1570,test
1571,test
1572,train_val
1573,train_val
1574,train_val
1575,train_val
1576,train_val
1577,train_val
1578,train_val
1579,test
1580,train_val
1581,train_val
1582,train_val
1583,train_val
1584,train_val
1585,test
1586,train_val
1587,train_val
1588,train_val
1589,test
1590,train_val
1591,train_val
1592,train_val
1593,train_val
1594,train_val
1595,test
1596,train_val
1597,test
1598,train_val
1599,train_val
1600,train_val
1601,train_val
1602,train_val
1603,test
1604,train_val
1605,train_val
1606,train_val
1607,train_val
1608,train_val
1609,train_val
1610,train_val
1611,train_val
1612,train_val
1613,train_val
1614,train_val
1615,train_val
1616,train_val
1617,train_val
1618,train_val
1619,train_val
1620,train_val
1621,train_val
1622,train_val
1623,train_val
1624,train_val
1625,test
1626,train_val
1627,train_val
1628,train_val
1629,train_val
1630,test
1631,test
1632,train_val
1633,train_val
1634,test
1635,test
1636,test
1637,train_val
1638,test
1639,train_val
1640,train_val
1641,train_val
1642,train_val
1643,test
1644,train_val
1645,train_val
1646,train_val
1647,train_val
1648,test
1649,test
1650,train_val
1651,train_val
1652,train_val
1653,train_val
1654,train_val
1655,train_val
1656,train_val
1657,train_val
1658,train_val
1659,train_val
1660,train_val
1661,test
1662,train_val
1663,test
1664,test
1665,train_val
1666,train_val
1667,train_val
1668,train_val
1669,train_val
1670,train_val
1671,train_val
1672,train_val
1673,train_val
1674,train_val
1675,train_val
1676,test
1677,train_val
1678,test
1679,test
1680,test
1681,train_val
1682,test
1683,test
1684,train_val
1685,test
1686,test
1687,test
1688,train_val
1689,train_val
1690,train_val
1691,train_val
1692,train_val
1693,test
1694,train_val
1695,test
1696,test
1697,train_val
1698,test
1699,train_val
1700,train_val
1701,train_val
1702,train_val
1703,train_val
1704,test
1705,test
1706,train_val
1707,test
1708,train_val
1709,train_val
1710,train_val
1711,train_val
1712,train_val
1713,train_val
1714,train_val
1715,test
1716,train_val
1717,train_val
1718,train_val
1719,train_val
1720,train_val
1721,train_val
1722,test
1723,train_val
1724,train_val
1725,train_val
1726,train_val
1727,train_val
1728,train_val
1729,train_val
1730,train_val
1731,train_val
1732,train_val
1733,test
1734,test
1735,train_val
1736,train_val
1737,train_val
1738,train_val
1739,train_val
1740,train_val
1741,train_val
1742,train_val
1743,train_val
1744,train_val
1745,train_val
1746,train_val
1747,train_val
1748,train_val
1749,train_val
1750,train_val
1751,test
1752,train_val
1753,train_val
1754,train_val
1755,train_val
1756,train_val
1757,test
1758,test
1759,test
1760,train_val
1761,train_val
1762,train_val
1763,train_val
1764,train_val
1765,train_val
1766,train_val
1767,train_val
1768,test
1769,train_val
1770,train_val
1771,train_val
1772,train_val
1773,test
1774,train_val
1775,train_val
1776,train_val
1777,train_val
1778,train_val
1779,train_val
1780,train_val
1781,test
1782,test
1783,train_val
1784,train_val
1785,test
1786,train_val
1787,test
1788,train_val
1789,train_val
1790,train_val
1791,train_val
1792,train_val
1793,train_val
1794,test
1795,train_val
1796,test
1797,train_val
1798,train_val
1799,test
1800,train_val
1801,train_val
1802,test
1803,train_val
1804,train_val
1805,train_val
1806,test
1807,train_val
1808,train_val
1809,train_val
1810,test
1811,train_val
1812,train_val
1813,train_val
1814,train_val
1815,train_val
1816,test
1817,train_val
1818,train_val
1819,test
1820,train_val
1821,test
1822,train_val
1823,test
1824,train_val
1825,train_val
1826,train_val
1827,test
1828,train_val
1829,train_val
1830,train_val
1831,train_val
1832,train_val
1833,train_val
1834,train_val
1835,train_val
1836,train_val
1837,train_val
1838,train_val
1839,train_val
1840,train_val
1841,test
1842,train_val
1843,test
1844,train_val
1845,train_val
1846,train_val
1847,train_val
1848,train_val
1849,train_val
1850,train_val
1851,train_val
1852,train_val
1853,test
1854,train_val
1855,train_val
1856,test
1857,train_val
1858,train_val
1859,train_val
1860,train_val
1861,train_val
1862,train_val
1863,test
1864,train_val
1865,train_val
1866,train_val
1867,train_val
1868,train_val
1869,train_val
1870,train_val
1871,train_val
1872,train_val
1873,train_val
1874,train_val
1875,train_val
1876,train_val
1877,train_val
1878,train_val
1879,train_val
1880,train_val
1881,test
1882,train_val
1883,train_val
1884,test
1885,train_val
1886,train_val
1887,train_val
1888,train_val
1889,train_val
1890,test
1891,train_val
1892,test
1893,train_val
1894,train_val
1895,test
1896,train_val
1897,train_val
1898,train_val
1899,test
1900,train_val
1901,train_val
1902,train_val
1903,test
1904,train_val
1905,train_val
1906,test
1907,train_val
1908,train_val
1909,train_val
1910,train_val
1911,train_val
1912,train_val
1913,train_val
1914,train_val
1915,train_val
1916,train_val
1917,train_val
1918,train_val
1919,test
1920,train_val
1921,train_val
1922,train_val
1923,test
1924,train_val
1925,train_val
1926,train_val
1927,train_val
1928,train_val
1929,train_val
1930,test
1931,test
1932,train_val
1933,train_val
1934,train_val
1935,train_val
1936,train_val
1937,train_val
1938,train_val
1939,train_val
1940,train_val
1941,train_val
1942,train_val
1943,train_val
1944,train_val
1945,train_val
1946,train_val
1947,train_val
1948,train_val
1949,train_val
1950,train_val
1951,train_val
1952,train_val
1953,train_val
1954,train_val
1955,test
1956,train_val
1957,train_val
1958,test
1959,test
1960,train_val
1961,train_val
1962,train_val
1963,train_val
1964,train_val
1965,train_val
1966,train_val
1967,train_val
1968,train_val
1969,test
1970,train_val
1971,train_val
1972,train_val
1973,train_val
1974,test
1975,train_val
1976,train_val
1977,train_val
1978,train_val
1979,train_val
1980,train_val
1981,test
1982,test
1983,train_val
1984,train_val
1985,train_val
1986,test
1987,train_val
1988,train_val
1989,train_val
1990,train_val
1991,train_val
1992,train_val
1993,train_val
1994,train_val
1995,train_val
1996,test
1997,train_val
1998,test
1999,train_val
2000,train_val
2001,train_val
2002,train_val
2003,train_val
2004,train_val
2005,train_val
2006,test
2007,train_val
2008,train_val
2009,train_val
2010,train_val
2011,train_val
2012,train_val
2013,train_val
2014,train_val
2015,train_val
2016,train_val
2017,train_val
2018,train_val
2019,train_val
2020,train_val
2021,train_val
2022,train_val
2023,train_val
2024,train_val
2025,train_val
2026,train_val
2027,test
2028,train_val
2029,train_val
2030,train_val
2031,train_val
2032,train_val
2033,train_val
2034,train_val
2035,train_val
2036,train_val
2037,train_val
2038,test
2039,train_val
2040,train_val
2041,test
2042,train_val
2043,train_val
2044,train_val
2045,train_val
2046,train_val
2047,test
2048,train_val
2049,test
2050,train_val
2051,train_val
2052,train_val
2053,train_val
2054,train_val
2055,train_val
2056,test
2057,train_val
2058,train_val
2059,train_val
2060,train_val
2061,test
2062,test
2063,train_val
2064,train_val
2065,test
2066,train_val
2067,train_val
2068,test
2069,train_val
2070,test
2071,train_val
2072,train_val
2073,train_val
2074,test
2075,train_val
2076,test
2077,train_val
2078,train_val
2079,train_val
2080,train_val
2081,train_val
2082,test
2083,train_val
2084,train_val
2085,test
2086,train_val
2087,train_val
2088,test
2089,train_val
2090,train_val
2091,train_val
2092,train_val
2093,train_val
2094,train_val
2095,train_val
2096,train_val
2097,train_val
2098,train_val
2099,train_val
2100,train_val
2101,test
2102,train_val
2103,train_val
2104,train_val
2105,test
2106,train_val
2107,train_val
2108,train_val
2109,test
2110,train_val
2111,train_val
2112,train_val
2113,train_val
2114,train_val
2115,train_val
2116,train_val
2117,train_val
2118,train_val
2119,train_val
2120,train_val
2121,train_val
2122,train_val
2123,train_val
2124,train_val
2125,train_val
2126,train_val
2127,train_val
2128,train_val
2129,train_val
2130,train_val
2131,train_val
2132,train_val
2133,train_val
2134,train_val
2135,test
2136,train_val
2137,train_val
2138,train_val
2139,test
2140,train_val
2141,test
2142,train_val
2143,test
2144,train_val
2145,train_val
2146,test
2147,train_val
2148,train_val
2149,train_val
2150,train_val
2151,train_val
2152,train_val
2153,train_val
2154,train_val
2155,train_val
2156,test
2157,train_val
2158,train_val
2159,train_val
2160,test
2161,train_val
2162,train_val
2163,train_val
2164,train_val
2165,train_val
2166,train_val
2167,train_val
2168,train_val
2169,test
2170,train_val
2171,train_val
2172,train_val
2173,train_val
2174,train_val
2175,train_val
2176,train_val
2177,train_val
2178,train_val
2179,train_val
2180,train_val
2181,train_val
2182,test
2183,train_val
2184,train_val
2185,train_val
2186,train_val
2187,train_val
2188,train_val
2189,train_val
2190,train_val
2191,test
2192,train_val
2193,train_val
2194,train_val
2195,train_val
2196,train_val
2197,test
2198,test
2199,test
2200,test
2201,train_val
2202,train_val
2203,train_val
2204,train_val
2205,test
2206,train_val
2207,test
2208,train_val
2209,train_val
2210,train_val
2211,train_val
2212,train_val
2213,train_val
2214,test
2215,train_val
2216,train_val
2217,test
2218,train_val
2219,train_val
2220,train_val
2221,train_val
2222,train_val
2223,train_val
2224,test
2225,train_val
2226,train_val
2227,train_val
2228,train_val
2229,train_val
2230,train_val
2231,train_val
2232,train_val
2233,train_val
2234,train_val
2235,test
2236,train_val
2237,test
2238,train_val
2239,test
2240,train_val
2241,train_val
2242,train_val
2243,train_val
2244,train_val
2245,train_val
2246,train_val
2247,train_val
2248,train_val
2249,train_val
2250,train_val
2251,train_val
2252,train_val
2253,test
2254,train_val
2255,test
2256,train_val
2257,train_val
2258,train_val
2259,train_val
2260,train_val
2261,train_val
2262,train_val
2263,train_val
2264,test
2265,test
2266,train_val
2267,test
2268,train_val
2269,train_val
2270,train_val
2271,train_val
2272,train_val
2273,train_val
2274,train_val
2275,train_val
2276,train_val
2277,test
2278,test
2279,train_val
2280,train_val
2281,train_val
2282,train_val
2283,train_val
2284,train_val
2285,train_val
2286,train_val
2287,train_val
2288,train_val
2289,train_val
2290,train_val
2291,train_val
2292,train_val
2293,train_val
2294,test
2295,train_val
2296,train_val
2297,train_val
2298,train_val
2299,train_val
2300,test
2301,test
2302,train_val
2303,train_val
2304,train_val
2305,test
2306,train_val
2307,train_val
2308,train_val
2309,train_val
2310,train_val
2311,test
2312,train_val
2313,train_val
2314,train_val
2315,train_val
2316,train_val
2317,test
2318,train_val
2319,train_val
2320,train_val
2321,train_val
2322,train_val
2323,train_val
2324,test
2325,train_val
2326,test
2327,test
2328,train_val
2329,train_val
2330,train_val
2331,test
2332,train_val
2333,train_val
2334,train_val
2335,train_val
2336,test
2337,train_val
2338,test
2339,train_val
2340,train_val
2341,train_val
2342,train_val
2343,test
2344,train_val
2345,train_val
2346,train_val
2347,train_val
2348,train_val
2349,train_val
2350,train_val
2351,train_val
2352,test
2353,train_val
2354,train_val
2355,train_val
2356,train_val
2357,train_val
2358,train_val
2359,train_val
2360,train_val
2361,test
2362,train_val
2363,test
2364,test
2365,train_val
2366,train_val
2367,train_val
2368,test
2369,train_val
2370,train_val
2371,train_val
2372,train_val
2373,train_val
2374,train_val
2375,train_val
2376,test
2377,train_val
2378,train_val
2379,train_val
2380,train_val
2381,test
2382,train_val
2383,train_val
2384,train_val
2385,test
2386,train_val
2387,train_val
2388,test
2389,train_val
2390,train_val
2391,test
2392,train_val
2393,test
2394,train_val
2395,train_val
2396,train_val
2397,train_val
2398,train_val
2399,train_val
2400,train_val
2401,train_val
2402,train_val
2403,train_val
2404,train_val
2405,train_val
2406,test
2407,train_val
2408,test
2409,train_val
2410,train_val
2411,train_val
2412,train_val
2413,train_val
2414,train_val
2415,test
2416,train_val
2417,test
2418,train_val
2419,train_val
2420,train_val
2421,train_val
2422,train_val
2423,train_val
2424,train_val
2425,train_val
2426,train_val
2427,train_val
2428,train_val
2429,train_val
2430,train_val
2431,train_val
2432,test
2433,test
2434,train_val
2435,test
2436,test
2437,train_val
2438,train_val
2439,train_val
2440,train_val
2441,train_val
2442,train_val
2443,test
2444,test
2445,train_val
2446,train_val
2447,train_val
2448,train_val
2449,test
2450,test
2451,train_val
2452,train_val
2453,train_val
2454,test
2455,test
2456,train_val
2457,train_val
2458,train_val
2459,train_val
2460,train_val
2461,train_val
2462,train_val
2463,train_val
2464,train_val
2465,train_val
2466,train_val
2467,train_val
2468,train_val
2469,train_val
2470,train_val
2471,train_val
2472,train_val
2473,train_val
2474,train_val
2475,train_val
2476,train_val
2477,train_val
2478,train_val
2479,train_val
2480,train_val
2481,train_val
2482,train_val
2483,train_val
2484,test
2485,test
2486,train_val
2487,train_val
2488,train_val
2489,test
2490,train_val
2491,train_val
2492,train_val
2493,train_val
2494,train_val
2495,train_val
2496,train_val
2497,train_val
2498,train_val
2499,train_val
2500,train_val
2501,train_val
2502,train_val
2503,train_val
2504,train_val
2505,train_val
2506,train_val
2507,train_val
2508,train_val
2509,train_val
2510,train_val
2511,test
2512,train_val
2513,train_val
2514,train_val
2515,train_val
2516,train_val
2517,train_val
2518,train_val
2519,train_val
2520,test
2521,train_val
2522,train_val
2523,train_val
2524,train_val
2525,test
2526,train_val
2527,train_val
2528,train_val
2529,train_val
2530,train_val
2531,test
2532,test
2533,train_val
2534,train_val
2535,train_val
2536,train_val
2537,train_val
2538,train_val
2539,train_val
2540,train_val
2541,train_val
2542,train_val
2543,test
2544,train_val
2545,train_val
2546,train_val
2547,train_val
2548,train_val
2549,train_val
2550,train_val
2551,train_val
2552,train_val
2553,train_val
2554,train_val
2555,test
2556,test
2557,test
2558,test
2559,train_val
2560,train_val
2561,test
2562,train_val
2563,train_val
2564,test
2565,train_val
2566,train_val
2567,train_val
2568,test
2569,train_val
2570,train_val
2571,train_val
2572,test
2573,train_val
2574,train_val
2575,train_val
2576,train_val
2577,train_val
2578,train_val
2579,train_val
2580,train_val
2581,train_val
2582,train_val
2583,test
2584,train_val
2585,train_val
2586,test
2587,train_val
2588,train_val
2589,train_val
2590,train_val
2591,train_val
2592,train_val
2593,train_val
2594,train_val
2595,train_val
2596,train_val
2597,train_val
2598,test
2599,train_val
2600,train_val
2601,train_val
2602,train_val
2603,train_val
2604,test
2605,train_val
2606,train_val
2607,train_val
2608,train_val
2609,train_val
2610,train_val
2611,train_val
2612,test
2613,test
2614,test
2615,train_val
2616,train_val
2617,train_val
2618,train_val
2619,train_val
2620,train_val
2621,train_val
2622,train_val
2623,test
2624,train_val
2625,test
2626,test
2627,train_val
2628,train_val
2629,test
2630,train_val
2631,train_val
2632,train_val
2633,test
2634,train_val
2635,train_val
2636,train_val
2637,train_val
2638,train_val
2639,train_val
2640,test
2641,test
2642,train_val
2643,train_val
2644,train_val
2645,train_val
2646,train_val
2647,train_val
2648,train_val
2649,test
2650,test
2651,test
2652,train_val
2653,train_val
2654,train_val
2655,test
2656,train_val
2657,train_val
2658,test
2659,train_val
2660,test
2661,train_val
2662,train_val
2663,train_val
2664,train_val
2665,train_val
2666,train_val
2667,train_val
2668,train_val
2669,test
2670,train_val
2671,train_val
2672,train_val
2673,train_val
2674,train_val
2675,test
2676,train_val
2677,test
2678,test
2679,train_val
2680,train_val
2681,train_val
2682,train_val
2683,train_val
2684,train_val
2685,train_val
2686,train_val
2687,train_val
2688,test
2689,train_val
2690,test
2691,test
2692,train_val
2693,train_val
2694,train_val
2695,test
2696,train_val
2697,test
2698,train_val
2699,train_val
2700,train_val
2701,test
2702,train_val
2703,train_val
2704,test
2705,train_val
2706,train_val
2707,train_val
2708,train_val
2709,test
2710,train_val
2711,train_val
2712,test
2713,train_val
2714,train_val
2715,train_val
2716,train_val
2717,test
2718,test
2719,train_val
2720,train_val
2721,train_val
2722,test
2723,train_val
2724,train_val
2725,train_val
2726,train_val
2727,train_val
2728,test
2729,train_val
2730,train_val
2731,train_val
2732,train_val
2733,train_val
2734,test
2735,train_val
2736,train_val
2737,train_val
2738,test
2739,train_val
2740,train_val
2741,train_val
2742,train_val
2743,train_val
2744,train_val
2745,train_val
2746,train_val
2747,test
2748,train_val
2749,train_val
2750,train_val
2751,test
2752,train_val
2753,test
2754,train_val
2755,test
2756,test
2757,test
2758,train_val
2759,test
2760,test
2761,train_val
2762,train_val
2763,test
2764,train_val
2765,train_val
2766,train_val
2767,train_val
2768,train_val
2769,test
2770,test
2771,train_val
2772,train_val
2773,train_val
2774,test
2775,train_val
2776,train_val
2777,test
2778,train_val
2779,train_val
2780,test
2781,train_val
2782,test
2783,train_val
2784,train_val
2785,train_val
2786,train_val
2787,train_val
2788,train_val
2789,train_val
2790,train_val
2791,test
2792,train_val
2793,train_val
2794,train_val
2795,train_val
2796,train_val
2797,test
2798,train_val
2799,test
2800,train_val
2801,train_val
2802,train_val
2803,train_val
2804,train_val
2805,train_val
2806,train_val
2807,train_val
2808,test
2809,train_val
2810,test
2811,test
2812,train_val
2813,train_val
2814,test
2815,test
2816,train_val
2817,train_val
2818,train_val
2819,train_val
2820,train_val
2821,train_val
2822,train_val
2823,train_val
2824,test
2825,train_val
2826,train_val
2827,train_val
2828,train_val
2829,train_val
2830,train_val
2831,train_val
2832,test
2833,train_val
2834,train_val
2835,train_val
2836,train_val
2837,train_val
2838,train_val
2839,test
2840,train_val
2841,train_val
2842,train_val
2843,train_val
2844,train_val
2845,train_val
2846,train_val
2847,test
2848,train_val
2849,train_val
2850,train_val
2851,train_val
2852,train_val
2853,train_val
2854,train_val
2855,train_val
2856,train_val
2857,test
2858,train_val
2859,train_val
2860,train_val
2861,train_val
2862,train_val
2863,train_val
2864,train_val
2865,train_val
2866,train_val
2867,train_val
2868,train_val
2869,train_val
2870,train_val
2871,test
2872,test
2873,train_val
2874,train_val
2875,test
2876,train_val
2877,train_val
2878,test
2879,train_val
2880,train_val
2881,train_val
2882,train_val
2883,train_val
2884,train_val
2885,train_val
2886,train_val
2887,train_val
2888,train_val
2889,test
2890,train_val
2891,train_val
2892,train_val
2893,train_val
2894,train_val
2895,train_val
2896,train_val
2897,test
2898,train_val
2899,train_val
2900,train_val
2901,train_val
2902,train_val
2903,test
2904,train_val
2905,train_val
2906,test
2907,train_val
2908,train_val
2909,train_val
2910,train_val
2911,train_val
2912,train_val
2913,train_val
2914,train_val
2915,train_val
2916,train_val
2917,train_val
2918,train_val
2919,train_val
2920,train_val
2921,train_val
2922,train_val
2923,train_val
2924,train_val
2925,train_val
2926,train_val
2927,train_val
2928,test
2929,train_val
2930,train_val
2931,train_val
2932,train_val
2933,test
2934,train_val
2935,test
2936,train_val
2937,train_val
2938,train_val
2939,train_val
2940,test
2941,train_val
2942,train_val
2943,train_val
2944,train_val
2945,train_val
2946,test
2947,train_val
2948,train_val
2949,train_val
2950,train_val
2951,train_val
2952,train_val
2953,train_val
2954,train_val
2955,test
2956,train_val
2957,train_val
2958,train_val
2959,train_val
2960,test
2961,train_val
2962,test
2963,train_val
2964,train_val
2965,train_val
2966,train_val
2967,train_val
2968,train_val
2969,train_val
2970,train_val
2971,train_val
2972,train_val
2973,test
2974,test
2975,train_val
2976,train_val
2977,train_val
2978,train_val
2979,train_val
2980,train_val
2981,train_val
2982,train_val
2983,train_val
2984,train_val
2985,train_val
2986,train_val
2987,test
2988,train_val
2989,train_val
2990,train_val
2991,train_val
2992,train_val
2993,test
2994,train_val
2995,test
2996,train_val
2997,train_val
2998,train_val
2999,train_val
3000,train_val
3001,train_val
3002,train_val
3003,train_val
3004,train_val
3005,train_val
3006,train_val
3007,test
3008,train_val
3009,test
3010,train_val
3011,train_val
3012,train_val
3013,train_val
3014,train_val
3015,train_val
3016,train_val
3017,train_val
3018,train_val
3019,train_val
3020,train_val
3021,test
3022,test
3023,train_val
3024,train_val
3025,train_val
3026,train_val
3027,test
3028,train_val
3029,train_val
3030,train_val
3031,train_val
3032,test
3033,train_val
3034,train_val
3035,train_val
3036,train_val
3037,train_val
3038,test
3039,train_val
3040,train_val
3041,test
3042,test
3043,train_val
3044,train_val
3045,train_val
3046,train_val
3047,train_val
3048,train_val
3049,test
3050,test
3051,test
3052,train_val
3053,train_val
3054,train_val
3055,train_val
3056,train_val
3057,test
3058,test
3059,train_val
3060,train_val
3061,train_val
3062,train_val
3063,train_val
3064,train_val
3065,train_val
3066,train_val
3067,train_val
3068,train_val
3069,test
3070,train_val
3071,train_val
3072,train_val
3073,train_val
3074,train_val
3075,train_val
3076,train_val
3077,train_val
3078,test
3079,test
3080,train_val
3081,train_val
3082,test
3083,train_val
3084,train_val
3085,test
3086,train_val
3087,train_val
3088,train_val
3089,train_val
3090,test
3091,test
3092,train_val
3093,train_val
3094,train_val
3095,train_val
3096,test
3097,train_val
3098,train_val
3099,test
3100,test
3101,train_val
3102,train_val
3103,test
3104,test
3105,train_val
3106,train_val
3107,train_val
3108,test
3109,train_val
3110,test
3111,train_val
3112,train_val
3113,train_val
3114,test
3115,train_val
3116,train_val
3117,train_val
3118,train_val
3119,train_val
3120,test
3121,train_val
3122,train_val
3123,train_val
3124,train_val
3125,train_val
3126,train_val
3127,train_val
3128,test
3129,train_val
3130,train_val
3131,train_val
3132,train_val
3133,test
3134,train_val
3135,train_val
3136,train_val
3137,train_val
3138,test
3139,train_val
3140,train_val
3141,train_val
3142,train_val
3143,train_val
3144,test
3145,test
3146,train_val
3147,train_val
3148,train_val
3149,train_val
3150,train_val
3151,train_val
3152,train_val
3153,train_val
3154,train_val
3155,train_val
3156,train_val
3157,train_val
3158,train_val
3159,train_val
3160,train_val
3161,train_val
3162,train_val
3163,train_val
3164,train_val
3165,train_val
3166,train_val
3167,train_val
3168,train_val
3169,test
3170,train_val
3171,train_val
3172,train_val
3173,train_val
3174,train_val
3175,train_val
3176,train_val
3177,train_val
3178,train_val
3179,train_val
3180,train_val
3181,train_val
3182,train_val
3183,train_val
3184,test
3185,test
3186,train_val
3187,train_val
3188,train_val
3189,train_val
3190,train_val
3191,train_val
3192,train_val
3193,train_val
3194,train_val
3195,test
3196,train_val
3197,test
3198,train_val
3199,train_val
3200,train_val
3201,train_val
3202,train_val
3203,test
3204,train_val
3205,train_val
3206,train_val
3207,train_val
3208,test
3209,train_val
3210,test
3211,train_val
3212,test
3213,test
3214,train_val
3215,train_val
3216,train_val
3217,test
3218,test
3219,train_val
3220,train_val
3221,train_val
3222,train_val
3223,train_val
3224,test
3225,train_val
3226,test
3227,train_val
3228,train_val
3229,train_val
3230,train_val
3231,train_val
3232,test
3233,train_val
3234,train_val
3235,train_val
3236,train_val
3237,train_val
3238,test
3239,train_val
3240,train_val
3241,train_val
3242,train_val
3243,train_val
3244,train_val
3245,train_val
3246,train_val
3247,train_val
3248,test
3249,train_val
3250,train_val
3251,train_val
3252,train_val
3253,train_val
3254,train_val
3255,train_val
3256,train_val
3257,train_val
3258,test
3259,train_val
3260,train_val
3261,train_val
3262,train_val
3263,train_val
3264,train_val
3265,test
3266,train_val
3267,test
3268,train_val
3269,train_val
3270,train_val
3271,train_val
3272,train_val
3273,test
3274,test
3275,train_val
3276,train_val
3277,train_val
3278,test
3279,train_val
3280,train_val
3281,test
3282,train_val
3283,train_val
3284,train_val
3285,test
3286,train_val
3287,train_val
3288,test
3289,train_val
3290,train_val
3291,test
3292,train_val
3293,train_val
3294,train_val
3295,train_val
3296,train_val
3297,train_val
3298,train_val
3299,test
3300,train_val
3301,train_val
3302,train_val
3303,train_val
3304,train_val
3305,train_val
3306,train_val
3307,test
3308,test
3309,train_val
3310,train_val
3311,train_val
3312,train_val
3313,train_val
3314,test
3315,train_val
3316,test
3317,test
3318,train_val
3319,train_val
3320,train_val
3321,train_val
3322,train_val
3323,train_val
3324,train_val
3325,train_val
3326,train_val
3327,train_val
3328,train_val
3329,train_val
3330,train_val
3331,train_val
3332,train_val
3333,train_val
3334,train_val
3335,test
3336,train_val
3337,test
3338,train_val
3339,test
3340,train_val
3341,train_val
3342,train_val
3343,train_val
3344,train_val
3345,train_val
3346,train_val
3347,test
3348,train_val
3349,train_val
3350,train_val
3351,test
3352,train_val
3353,train_val
3354,train_val
3355,test
3356,train_val
3357,train_val
3358,train_val
3359,train_val
3360,train_val
3361,train_val
3362,train_val
3363,train_val
3364,test
3365,train_val
3366,train_val
3367,train_val
3368,test
3369,train_val
3370,train_val
3371,train_val
3372,train_val
3373,train_val
3374,train_val
3375,test
3376,train_val
3377,test
3378,train_val
3379,train_val
3380,train_val
3381,test
3382,test
3383,train_val
3384,train_val
3385,test
3386,train_val
3387,train_val
3388,train_val
3389,test
3390,test
3391,train_val
3392,train_val
3393,train_val
3394,train_val
3395,train_val
3396,train_val
3397,train_val
3398,test
3399,train_val
3400,train_val
3401,train_val
3402,test
3403,test
3404,train_val
3405,train_val
3406,test
3407,train_val
3408,train_val
3409,train_val
3410,test
3411,train_val
3412,train_val
3413,train_val
3414,train_val
3415,train_val
3416,train_val
3417,test
3418,train_val
3419,test
3420,train_val
3421,test
3422,train_val
3423,train_val
3424,train_val
3425,train_val
3426,train_val
3427,train_val
3428,test
3429,train_val
3430,train_val
3431,train_val
3432,test
3433,train_val
3434,train_val
3435,train_val
3436,train_val
3437,train_val
3438,train_val
3439,train_val
3440,train_val
3441,train_val
3442,train_val
3443,train_val
3444,test
3445,test
3446,train_val
3447,train_val
3448,train_val
3449,train_val
3450,test
3451,train_val
3452,train_val
3453,train_val
3454,train_val
3455,train_val
3456,train_val
3457,test
3458,train_val
3459,train_val
3460,train_val
3461,train_val
3462,train_val
3463,test
3464,test
3465,train_val
3466,train_val
3467,train_val
3468,test
3469,train_val
3470,train_val
3471,train_val
3472,train_val
3473,train_val
3474,train_val
3475,train_val
3476,train_val
3477,test
3478,train_val
3479,train_val
3480,test
3481,train_val
3482,train_val
3483,train_val
3484,train_val
3485,train_val
3486,test
3487,train_val
3488,train_val
3489,test
3490,train_val
3491,test
3492,train_val
3493,test
3494,train_val
3495,train_val
3496,train_val
3497,train_val
3498,train_val
3499,train_val
3500,train_val
3501,test
3502,train_val
3503,train_val
3504,test
3505,train_val
3506,train_val
3507,train_val
3508,train_val
3509,train_val
3510,test
3511,test
3512,train_val
3513,train_val
3514,test
3515,train_val
3516,train_val
3517,train_val
3518,test
3519,train_val
3520,test
3521,train_val
3522,train_val
3523,train_val
3524,train_val
3525,train_val
3526,train_val
3527,test
3528,test
3529,train_val
3530,train_val
3531,train_val
3532,test
3533,train_val
3534,train_val
3535,train_val
3536,train_val
3537,train_val
